{
  "cookData": [
    {
      "id": 1,
      "name": "Софија Софијанова",
      "imageUrl": "../images/unsplash_YSfEC5DSy08.png",
      "thumbnailImageUrl": "../images/Baklava.png",
      "rating": 4,
      "cuisines": ["македонска", "италијанска", "вегетаријанска"],
      "location": "300m",
      "price": "200 ден",
      "recipes": [
        {
          "id": 1,
          "isOrderable": true,
          "img": "../images/Svinsko.png",
          "title": "Свинско динстано",
          "price": "110 ден",
          "raiting": "../images/star.png",
          "desc": "Состав на порцијата: парчиња свинско месо, вргањ печурки, јајца, растителен кашкавал, моркови, кромид, сенф, сол, оригано, магдонос, маслиново масло.",
          "prepTime": "до 1 час",
          "dates": ["2023-02-17", "2023-01-17", "2023-01-24"]
        }, 
        {
          "id": 2,
          "isOrderable": true,
          "img": "../images/Zelnik.png",
          "title": "Салата",
          "price": "110 ден",
          "raiting": "../images/star.png",
          "desc": "Состав на порцијата: парчиња свинско месо, вргањ печурки, јајца, растителен кашкавал, моркови, кромид, сенф, сол, оригано, магдонос, маслиново масло.",
          "prepTime": "до 1 час",
          "dates": ["2023-02-17", "2023-01-17", "2023-01-24"]
        }

      ]
    },
    {
      "id": 2,
      "name": "Софија Софијанова",
      "imageUrl": "../images/unsplash_YSfEC5DSy08 (1).png",
      "thumbnailImageUrl": "../images/Vitaminska.png",
      "rating": 4,
      "cuisines": ["македонска", "вегетаријанска", "вегетаријанска"],
      "location": "300m",
      "price": "200 ден",
      "recipes": [
        {
          "id": 2,
          "img": "../images/Zelnik.png",
          "title": "Зелник",
          "price": "150 ден",
          "raiting": "../images/star.png",
          "desc": "Состав на порцијата: ‘ржано брашно, свеж квасец, кравјо сирење, путер од кравјо млеко, јајца, морска сол, шеќер, праз, сусам, мак, маслиново масло.",
          "prepTime": "до 1 час",
          "dates": ["2023-01-10", "2023-01-17", "2023-01-24"]
        }
      ]
    },
    {
      "id": 3,
      "name": "Софија Софијанова",
      "imageUrl": "../images/unsplash_YSfEC5DSy08 (2).png",
      "thumbnailImageUrl": "../images/Svinsko.png",
      "rating": 4,
      "cuisines": ["македонска", "шпанска", "вегетаријанска"],
      "location": "300m",
      "price": "200 ден",
      "recipes": [
        {
          "recipeID": 1,
          "img": "../images/Zelnik.png",
          "title": "Slatko",
          "dates": ["2023-01-10", "2023-01-17", "2023-01-24"]
        }
      ]
    },
    {
      "id": 4,
      "name": "Софија Софијанова",
      "imageUrl": "../images/unsplash_YSfEC5DSy08-1.png",
      "thumbnailImageUrl": "../images/Gurabii.png",
      "rating": 4,
      "cuisines": ["македонска", "шпанска", "вегетаријанска"],
      "location": "300m",
      "price": "200 ден",
      "recipes": [
        {
          "recipeID": 1,
          "img": "../images/Svinsko.png",
          "title": "Grav",
          "dates": ["2023-01-10", "2023-01-17", "2023-01-24"]
        }
      ]
    },
    {
      "id": 5,
      "name": "Софија Софијанова",
      "imageUrl": "../images/unsplash_YSfEC5DSy08 (18).png",
      "thumbnailImageUrl": "../images/Shopska.png",
      "rating": 4,
      "cuisines": ["македонска", "шпанска", "вегетаријанска"],
      "location": "300m",
      "price": "200 ден",
      "recipes": [
        {
          "recipeID": 1,
          "title": "Grav",
          "dates": ["2023-01-10", "2023-01-17", "2023-01-24"]
        }
      ]
    },
    {
      "id": 6,
      "name": "Софија Софијанова",
      "imageUrl": "../images/unsplash_YSfEC5DSy08 (17).png",
      "thumbnailImageUrl": "../images/Comlek.png",
      "rating": 4,
      "cuisines": ["македонска", "шпанска", "вегетаријанска"],
      "location": "300m",
      "price": "200 ден",
      "recipes": [
        {
          "recipeID": 1,
          "title": "Grav",
          "dates": ["2023-01-10", "2023-01-17", "2023-01-24"]
        }
      ]
    },
    {
      "id": 7,
      "name": "Софија Софијанова",
      "imageUrl": "../images/unsplash_YSfEC5DSy08 (16).png",
      "thumbnailImageUrl": "../images/Ajvar.png",
      "rating": 4,
      "cuisines": ["македонска", "шпанска", "вегетаријанска"],
      "location": "300m",
      "price": "200 ден",
      "recipes": [
        {
          "recipeID": 1,
          "title": "Grav",
          "dates": ["2023-01-10", "2023-01-17", "2023-01-24"]
        }
      ]
    },
    {
      "id": 8,
      "name": "Софија Софијанова",
      "imageUrl": "../images/unsplash_YSfEC5DSy08 (15).png",
      "thumbnailImageUrl": "../images/Zelnik.png",
      "rating": 4,
      "cuisines": ["македонска", "шпанска", "вегетаријанска"],
      "location": "300m",
      "price": "200 ден",
      "recipes": [
        {
          "recipeID": 1,
          "title": "Grav",
          "dates": ["2023-01-10", "2023-01-17", "2023-01-24"]
        }
      ]
    },
    {
      "id": 9,
      "name": "Софија Софијанова",
      "imageUrl": "../images/unsplash_YSfEC5DSy08 (14).png",
      "thumbnailImageUrl": "../images/Oblandi.png",
      "rating": 4,
      "cuisines": ["македонска", "шпанска", "вегетаријанска"],
      "location": "300m",
      "price": "200 ден",
      "recipes": [
        {
          "recipeID": 1,
          "title": "Grav",
          "dates": ["2023-01-10", "2023-01-17", "2023-01-24"]
        }
      ]
    },

    {
      "id": 10,
      "name": "Софија Софијанова",
      "imageUrl": "../images/unsplash_YSfEC5DSy08 (13).png",
      "thumbnailImageUrl": "../images/Meat.png",
      "rating": 4,
      "cuisines": ["македонска", "шпанска", "вегетаријанска"],
      "location": "300m",
      "price": "200 ден",
      "recipes": [
        {
          "recipeID": 1,
          "title": "Grav",
          "dates": ["2023-01-10", "2023-01-17", "2023-01-24"]
        }
      ]
    },
    {
      "id": 11,
      "name": "Софија Софијанова",
      "imageUrl": "../images/unsplash_YSfEC5DSy08 (12).png",
      "thumbnailImageUrl": "../images/Oblandi.png",
      "rating": 4,
      "cuisines": ["македонска", "шпанска", "вегетаријанска"],
      "location": "300m",
      "price": "200 ден",
      "recipes": [
        {
          "recipeID": 1,
          "title": "Grav",
          "dates": ["2023-01-10", "2023-01-17", "2023-01-24"]
        }
      ]
    },
    {
      "id": 12,
      "name": "Софија Софијанова",
      "imageUrl": "../images/unsplash_YSfEC5DSy08 (11).png",
      "thumbnailImageUrl": "../images/Corba.png",
      "rating": 4,
      "cuisines": ["македонска", "шпанска", "вегетаријанска"],
      "location": "300m",
      "price": "200 ден",
      "recipes": [
        {
          "recipeID": 1,
          "title": "Grav",
          "dates": ["2023-01-10", "2023-01-17", "2023-01-24"]
        }
      ]
    },
    {
      "id": 13,
      "name": "Софија Софијанова",
      "imageUrl": "../images/unsplash_YSfEC5DSy08 (10).png",
      "thumbnailImageUrl": "../images/Ajvar.png",
      "rating": 4,
      "cuisines": ["македонска", "шпанска", "вегетаријанска"],
      "location": "300m",
      "price": "200 ден",
      "recipes": [
        {
          "recipeID": 1,
          "title": "Grav",
          "dates": ["2023-01-10", "2023-01-17", "2023-01-24"]
        }
      ]
    },

    {
      "id": 14,
      "name": "Софија Софијанова",
      "imageUrl": "../images/unsplash_YSfEC5DSy08 (9).png",
      "thumbnailImageUrl": "../images/Burger.png",
      "rating": 4,
      "cuisines": ["македонска", "шпанска", "вегетаријанска"],
      "location": "300m",
      "price": "200 ден",
      "recipes": [
        {
          "recipeID": 1,
          "title": "Grav",
          "dates": ["2023-01-10", "2023-01-17", "2023-01-24"]
        }
      ]
    },
    {
      "id": 15,
      "name": "Софија Софијанова",
      "imageUrl": "../images/unsplash_YSfEC5DSy08 (8).png",
      "thumbnailImageUrl": "urlDoSlika",
      "rating": 4,
      "cuisines": ["македонска", "шпанска", "вегетаријанска"],
      "location": "300m",
      "price": "200 ден",
      "recipes": [
        {
          "recipeID": 1,
          "title": "Grav",
          "dates": ["2023-01-10", "2023-01-17", "2023-01-24"]
        }
      ]
    },

    {
      "id": 16,
      "name": "Софија Софијанова",
      "imageUrl": "../images/unsplash_YSfEC5DSy08 (7).png",
      "thumbnailImageUrl": "urlDoSlika",
      "rating": 4,
      "cuisines": ["македонска", "шпанска", "вегетаријанска"],
      "location": "300m",
      "price": "200 ден",
      "recipes": [
        {
          "recipeID": 1,
          "title": "Grav",
          "dates": ["2023-01-10", "2023-01-17", "2023-01-24"]
        }
      ]
    },
    {
      "id": 17,
      "name": "Софија Софијанова",
      "imageUrl": "../images/unsplash_YSfEC5DSy08 (6).png",
      "thumbnailImageUrl": "urlDoSlika",
      "rating": 4,
      "cuisines": ["македонска", "шпанска", "вегетаријанска"],
      "location": "300m",
      "price": "200 ден",
      "recipes": [
        {
          "recipeID": 1,
          "title": "Grav",
          "dates": ["2023-01-10", "2023-01-17", "2023-01-24"]
        }
      ]
    },
    {
      "id": 18,
      "name": "Софија Софијанова",
      "imageUrl": "../images/unsplash_YSfEC5DSy08 (5).png",
      "thumbnailImageUrl": "urlDoSlika",
      "rating": 4,
      "cuisines": ["македонска", "шпанска", "вегетаријанска"],
      "location": "300m",
      "price": "200 ден",
      "recipes": [
        {
          "recipeID": 1,
          "title": "Grav",
          "dates": ["2023-01-10", "2023-01-17", "2023-01-24"]
        }
      ]
    },
    {
      "id": 19,
      "name": "Софија Софијанова",
      "imageUrl": "../images/unsplash_YSfEC5DSy08 (4).png",
      "thumbnailImageUrl": "urlDoSlika",
      "rating": 4,
      "cuisines": ["македонска", "шпанска", "вегетаријанска"],
      "location": "300m",
      "price": "200 ден",
      "recipes": [
        {
          "recipeID": 1,
          "title": "Grav",
          "dates": ["2023-01-10", "2023-01-17", "2023-01-24"]
        }
      ]
    },
    {
      "id": 20,
      "name": "Софија Софијанова",
      "imageUrl": "../images/unsplash_YSfEC5DSy08 (3).png",
      "thumbnailImageUrl": "urlDoSlika",
      "rating": 4,
      "cuisines": ["македонска", "шпанска", "вегетаријанска"],
      "location": "300m",
      "price": "200 ден",
      "recipes": [
        {
          "recipeID": 1,
          "title": "Grav",
          "dates": ["2023-01-10", "2023-01-17", "2023-01-24"]
        }
      ]
    },
    {
      "id": 21,
      "name": "Софија Софијанова",
      "imageUrl": "../images/unsplash_YSfEC5DSy08 (2)-2.png",
      "thumbnailImageUrl": "urlDoSlika",
      "rating": 4,
      "cuisines": ["македонска", "кинеска", "вегетаријанска"],
      "location": "300m",
      "price": "200 ден",
      "recipes": [
        {
          "recipeID": 1,
          "title": "Grav",
          "dates": ["2023-01-10", "2023-01-17", "2023-01-24"]
        }
      ]
    },
    {
      "id": 22,
      "name": "Софија Софијанова",
      "imageUrl": "../images/unsplash_YSfEC5DSy08 (1)-1.png",
      "thumbnailImageUrl": "urlDoSlika",
      "rating": 4,
      "cuisines": ["македонска", "шпанска", "вегетаријанска"],
      "location": "300m",

      "recipes": [
        {
          "recipeID": 1,
          "title": "Grav",
          "price": "200 ден",
          "dates": ["2023-01-10", "2023-01-17", "2023-01-24"]
        }
      ]
    },
    {
      "id": 23,
      "name": "Софија Софијанова",
      "imageUrl": "../images/unsplash_YSfEC5DSy08 (20).png",
      "thumbnailImageUrl": "urlDoSlika",
      "rating": 4,
      "cuisines": ["македонска", "шпанска", "вегетаријанска"],
      "location": "300m",
      "recipes": [
        {
          "recipeID": 1,
          "title": "Grav",
          "dates": ["2023-01-10", "2023-01-17", "2023-01-24"]
        }
      ]
    }
  ],

  "testimonials": [
    {
      "id": "a",
      "name": "Маја А",
      "desc": "Зелникот беше премногу вкусен. Ме потсети на вкусот на питите кои ми ги правеше во детсвото баба ми. Дефинитивно ќе порачам повторно!"
    },
    {
      "id": "b",
      "name": "Дарио",
      "desc": "Ајварот е врв од вкус! Го препорачав веќе на моите пријатели!"
    },
    {
      "id": "c",
      "name": "Сања Х.",
      "desc": "Гурабии од моите соништа! Уживав додека ги конзумирав во мојата омилена рутина, со чај и кафе."
    },
    {
      "id": "d",
      "name": "Ана А",
      "desc": "Зелникот беше премногу вкусен. Ме потсети на вкусот на питите кои ми ги правеше во детсвото баба ми. Дефинитивно ќе порачам повторно!"
    },
    {
      "id": "e",
      "name": "Маја А",
      "desc": "Зелникот беше премногу вкусен. Ме потсети на вкусот на питите кои ми ги правеше во детсвото баба ми. Дефинитивно ќе порачам повторно!"
    },
    {
      "id": "f",
      "name": "Дарио",
      "desc": "Ајварот е врв од вкус! Го препорачав веќе на моите пријатели!"
    },
    {
      "id": "g",
      "name": "Сања Х.",
      "desc": "Гурабии од моите соништа! Уживав додека ги конзумирав во мојата омилена рутина, со чај и кафе."
    },
    {
      "id": "h",
      "name": "Ана А",
      "desc": "Зелникот беше премногу вкусен. Ме потсети на вкусот на питите кои ми ги правеше во детсвото баба ми. Дефинитивно ќе порачам повторно!"
    },
    {
      "id": "i",
      "name": "Маја А",
      "desc": "Зелникот беше премногу вкусен. Ме потсети на вкусот на питите кои ми ги правеше во детсвото баба ми. Дефинитивно ќе порачам повторно!"
    },
    {
      "id": "j",
      "name": "Дарио",
      "desc": "Ајварот е врв од вкус! Го препорачав веќе на моите пријатели!"
    },
    {
      "id": "k",
      "name": "Сања Х.",
      "desc": "Гурабии од моите соништа! Уживав додека ги конзумирав во мојата омилена рутина, со чај и кафе."
    },
    {
      "id": "l",
      "name": "Ана А",
      "desc": "Зелникот беше премногу вкусен. Ме потсети на вкусот на питите кои ми ги правеше во детсвото баба ми. Дефинитивно ќе порачам повторно!"
    },
    {
      "id": "m",
      "name": "Маја А",
      "desc": "Зелникот беше премногу вкусен. Ме потсети на вкусот на питите кои ми ги правеше во детсвото баба ми. Дефинитивно ќе порачам повторно!"
    },
    {
      "id": "n",
      "name": "Дарио",
      "desc": "Ајварот е врв од вкус! Го препорачав веќе на моите пријатели!"
    },
    {
      "id": "o",
      "name": "Сања Х.",
      "desc": "Гурабии од моите соништа! Уживав додека ги конзумирав во мојата омилена рутина, со чај и кафе."
    },
    {
      "id": "p",
      "name": "Ана А",
      "desc": "Зелникот беше премногу вкусен. Ме потсети на вкусот на питите кои ми ги правеше во детсвото баба ми. Дефинитивно ќе порачам повторно!"
    },

    {
      "id": "r",
      "name": "Маја А",
      "desc": "Зелникот беше премногу вкусен. Ме потсети на вкусот на питите кои ми ги правеше во детсвото баба ми. Дефинитивно ќе порачам повторно!"
    },
    {
      "id": "s",
      "name": "Дарио",
      "desc": "Ајварот е врв од вкус! Го препорачав веќе на моите пријатели!"
    },
    {
      "id": "t",
      "name": "Сања Х.",
      "desc": "Гурабии од моите соништа! Уживав додека ги конзумирав во мојата омилена рутина, со чај и кафе."
    },
    {
      "id": "y",
      "name": "Ана А",
      "desc": "Зелникот беше премногу вкусен. Ме потсети на вкусот на питите кои ми ги правеше во детсвото баба ми. Дефинитивно ќе порачам повторно!"
    }
  ]
}
